Sequence id	Family id	Family Accession	Clan	Env. Start	Env. End	Ali. Start	Ali. End	Model Start	Model End	Bit Score	Ind. E-value	Cond. E-value	Description	outcompeted	significant	uniq
>AT1G32750.1|PACid:19656601_AtTAFIIa	DUF3591	PF12157.8	CL0662	578	1146	578	1146	1	441	405.061553955078	3.2e-121	9.0e-125	Protein of unknown function (DUF3591)	0	1	1
>AT1G32750.1|PACid:19656601_AtTAFIIa	Bromodomain	PF00439.25		1807	1888	1808	1882	2	75	59.1895980834961	3.1e-16	8.8e-20	Bromodomain	0	1	2
>AT1G32750.1|PACid:19656601_AtTAFIIa	TBP-binding	PF09247.11		16	70	19	64	2	48	36.4609985351562	4.4e-09	1.2e-12	TATA box-binding protein binding	0	1	3
>AT1G32750.1|PACid:19656601_AtTAFIIa	ubiquitin	PF00240.23	CL0072	663	734	663	732	1	69	30.4557285308838	2.3e-07	6.4e-11	Ubiquitin family	0	1	4
>AT1G32750.1|PACid:19656601_AtTAFIIa	zf-CCHC_6	PF15288.6	CL0511	1397	1433	1399	1423	4	28	22.3403949737549	8.3e-05	2.3e-08	Zinc knuckle	0	1	5
>Cre10.g425500.t1.1|PACid:19872476_CreTAFIIa	DUF3591	PF12157.8	CL0662	977	1386	977	1383	1	253	114.019798278809	6.6e-33	1.1e-36	Protein of unknown function (DUF3591)	0	1	1
>Cre10.g425500.t1.1|PACid:19872476_CreTAFIIa	DUF3591	PF12157.8	CL0662	1385	1572	1387	1569	285	438	58.9262046813965	3.5e-16	5.8e-20	Protein of unknown function (DUF3591)	0	1	2
>Cre10.g425500.t1.1|PACid:19872476_CreTAFIIa	Bromodomain	PF00439.25		2381	2467	2389	2465	15	79	34.3505477905273	1.8e-08	3.0e-12	Bromodomain	0	1	3
>Cre10.g425500.t1.1|PACid:19872476_CreTAFIIa	TBP-binding	PF09247.11		6	65	9	63	5	58	31.5162696838379	1.5e-07	2.6e-11	TATA box-binding protein binding	0	1	4
>orange1.1g000792m|PACid:18135589_CsiTAFIIb_1	DUF3591	PF12157.8	CL0662	595	1045	644	1045	65	441	380.818359375	7.4e-114	1.2e-117	Protein of unknown function (DUF3591)	0	1	1
>orange1.1g000792m|PACid:18135589_CsiTAFIIb_1	TBP-binding	PF09247.11		15	69	18	62	4	45	35.9115600585938	6.5e-09	1.1e-12	TATA box-binding protein binding	0	1	2
>orange1.1g000792m|PACid:18135589_CsiTAFIIb_1	ubiquitin	PF00240.23	CL0072	589	632	595	630	35	70	26.5615863800049	3.8e-06	6.3e-10	Ubiquitin family	0	1	3
>Gorai.011G137400.5|PACid:26812242_GrTAFIIa_5	DUF3591	PF12157.8	CL0662	562	1132	562	1132	1	441	434.966827392578	2.7e-130	6.1e-134	Protein of unknown function (DUF3591)	0	1	1
>Gorai.011G137400.5|PACid:26812242_GrTAFIIa_5	TBP-binding	PF09247.11		8	64	17	57	8	45	37.0439834594727	2.9e-09	6.4e-13	TATA box-binding protein binding	0	1	2
>Gorai.011G137400.5|PACid:26812242_GrTAFIIa_5	ubiquitin	PF00240.23	CL0072	647	718	649	715	3	68	35.6108665466309	5.7e-09	1.3e-12	Ubiquitin family	0	1	3
>Gorai.011G137400.5|PACid:26812242_GrTAFIIa_5	Rad60-SLD	PF11976.8	CL0072	645	715	645	713	1	69	24.3487033843994	2.0e-05	4.4e-09	Ubiquitin-2 like Rad60 SUMO-like	1	1	4
>cassava4.1_002084m|PACid:17964858_MeTAFIIb	DUF3591	PF12157.8	CL0662	345	766	345	759	1	306	311.616943359375	7.3e-93	8.2e-97	Protein of unknown function (DUF3591)	0	1	1
>cassava4.1_002084m|PACid:17964858_MeTAFIIb	ubiquitin	PF00240.23	CL0072	430	503	430	501	1	70	44.9314041137695	7.0e-12	7.8e-16	Ubiquitin family	0	1	2
>Medtr5g026660.1|PACid:23034861_MtruTAFIIa	DUF3591	PF12157.8	CL0662	741	1228	742	1224	3	366	361.642639160156	4.8e-108	1.4e-111	Protein of unknown function (DUF3591)	0	1	1
>Medtr5g026660.1|PACid:23034861_MtruTAFIIa	DUF3591	PF12157.8	CL0662	1283	1365	1289	1353	362	425	34.5167045593262	8.8e-09	2.5e-12	Protein of unknown function (DUF3591)	0	1	2
>Medtr5g026660.1|PACid:23034861_MtruTAFIIa	Bromodomain	PF00439.25		2082	2163	2083	2158	2	75	61.0527992248535	8.2e-17	2.3e-20	Bromodomain	0	1	3
>Medtr5g026660.1|PACid:23034861_MtruTAFIIa	TBP-binding	PF09247.11		113	164	117	157	4	45	37.5969085693359	1.9e-09	5.4e-13	TATA box-binding protein binding	0	1	4
>Medtr5g026660.1|PACid:23034861_MtruTAFIIa	ubiquitin	PF00240.23	CL0072	825	897	827	895	3	70	28.0785999298096	1.3e-06	3.5e-10	Ubiquitin family	0	1	5
>Medtr5g026660.1|PACid:23034861_MtruTAFIIa	zf-CCHC_6	PF15288.6	CL0511	1702	1737	1704	1723	4	23	22.2949714660645	8.6e-05	2.4e-08	Zinc knuckle	0	1	6
>Phvul.002G127400.1|PACid:27169930_PhvTAFIIa	DUF3591	PF12157.8	CL0662	586	1154	587	1154	3	441	421.239379882812	4.0e-126	8.9e-130	Protein of unknown function (DUF3591)	0	1	1
>Phvul.002G127400.1|PACid:27169930_PhvTAFIIa	Bromodomain	PF00439.25		1783	1864	1784	1859	2	75	60.6178703308105	1.1e-16	2.5e-20	Bromodomain	0	1	2
>Phvul.002G127400.1|PACid:27169930_PhvTAFIIa	ubiquitin	PF00240.23	CL0072	670	742	670	741	1	71	38.0099830627441	1.0e-09	2.3e-13	Ubiquitin family	0	1	3
>Phvul.002G127400.1|PACid:27169930_PhvTAFIIa	TBP-binding	PF09247.11		14	68	21	61	8	45	36.6448822021484	3.8e-09	8.6e-13	TATA box-binding protein binding	0	1	4
>ppa000092m|PACid:17654523_PperTAFIIa	DUF3591	PF12157.8	CL0662	516	1083	517	1083	3	441	426.133148193359	1.3e-127	3.7e-131	Protein of unknown function (DUF3591)	0	1	1
>ppa000092m|PACid:17654523_PperTAFIIa	Bromodomain	PF00439.25		1736	1817	1736	1811	1	75	66.2974624633789	1.9e-18	5.3e-22	Bromodomain	0	1	2
>ppa000092m|PACid:17654523_PperTAFIIa	ubiquitin	PF00240.23	CL0072	600	672	600	670	1	70	45.1736602783203	5.9e-12	1.6e-15	Ubiquitin family	0	1	3
>ppa000092m|PACid:17654523_PperTAFIIa	Rad60-SLD	PF11976.8	CL0072	598	668	598	668	1	71	28.7682666778564	8.2e-07	2.3e-10	Ubiquitin-2 like Rad60 SUMO-like	1	1	4
>ppa000092m|PACid:17654523_PperTAFIIa	TBP-binding	PF09247.11		1	34	1	28	17	45	27.0750389099121	3.7e-06	1.0e-09	TATA box-binding protein binding	0	1	5
>Potri.017G047600.6|PACid:26985440_PtTAFIIa_6	DUF3591	PF12157.8	CL0662	237	807	237	807	1	441	432.724914550781	1.3e-129	2.2e-133	Protein of unknown function (DUF3591)	0	1	1
>Potri.017G047600.6|PACid:26985440_PtTAFIIa_6	ubiquitin	PF00240.23	CL0072	322	394	322	392	1	70	35.652946472168	5.5e-09	9.2e-13	Ubiquitin family	0	1	2
>Thecc1EG019910t1|PACid:27453036_TheTAFIIa	DUF3591	PF12157.8	CL0662	565	1135	565	1135	1	441	430.196136474609	7.7e-129	2.1e-132	Protein of unknown function (DUF3591)	0	1	1
>Thecc1EG019910t1|PACid:27453036_TheTAFIIa	Bromodomain	PF00439.25		1785	1867	1787	1861	2	75	63.2330665588379	1.7e-17	4.8e-21	Bromodomain	0	1	2
>Thecc1EG019910t1|PACid:27453036_TheTAFIIa	TBP-binding	PF09247.11		8	64	17	57	8	45	38.1218185424805	1.3e-09	3.7e-13	TATA box-binding protein binding	0	1	3
>Thecc1EG019910t1|PACid:27453036_TheTAFIIa	ubiquitin	PF00240.23	CL0072	650	721	650	719	1	69	37.2961044311523	1.7e-09	4.7e-13	Ubiquitin family	0	1	4
>Thecc1EG019910t1|PACid:27453036_TheTAFIIa	zf-CCHC_6	PF15288.6	CL0511	1395	1423	1397	1416	4	23	22.2876834869385	8.7e-05	2.4e-08	Zinc knuckle	0	1	5
>GRMZM2G394722_T02|PACid:20839728_ZmTAFIIc_2	TBP-binding	PF09247.11		79	133	82	126	2	45	40.84521484375	1.9e-10	1.0e-14	TATA box-binding protein binding	0	1	1
>AT3G19040.1|PACid:19663337_AtTAFIIb	DUF3591	PF12157.8	CL0662	491	1052	491	1052	1	441	376.993225097656	1.1e-112	3.0e-116	Protein of unknown function (DUF3591)	0	1	1
>AT3G19040.1|PACid:19663337_AtTAFIIb	Bromodomain	PF00439.25		1669	1753	1677	1744	7	74	54.529541015625	8.9e-15	2.5e-18	Bromodomain	0	1	2
>AT3G19040.1|PACid:19663337_AtTAFIIb	ubiquitin	PF00240.23	CL0072	576	647	576	645	1	69	38.8149871826172	5.7e-10	1.6e-13	Ubiquitin family	0	1	3
>AT3G19040.1|PACid:19663337_AtTAFIIb	zf-CCHC_6	PF15288.6	CL0511	1292	1331	1294	1327	4	37	22.0622997283936	0.0001	2.8e-08	Zinc knuckle	0	1	4
>Bradi1g30648.1|PACid:21818738_BdTAFIIa	DUF3591	PF12157.8	CL0662	580	1144	580	1144	1	441	421.648101806641	3.0e-126	5.0e-130	Protein of unknown function (DUF3591)	0	1	1
>Bradi1g30648.1|PACid:21818738_BdTAFIIa	Bromodomain	PF00439.25		1717	1797	1717	1794	1	77	65.7987976074219	2.7e-18	4.6e-22	Bromodomain	0	1	2
>Bradi1g30648.1|PACid:21818738_BdTAFIIa	TBP-binding	PF09247.11		18	72	22	65	3	45	35.3711700439453	9.6e-09	1.6e-12	TATA box-binding protein binding	0	1	3
>Eucgr.I02627.1|PACid:23597401_EgrTAFIIa	DUF3591	PF12157.8	CL0662	582	1154	582	1154	1	441	418.131561279297	3.5e-125	1.2e-128	Protein of unknown function (DUF3591)	0	1	1
>Eucgr.I02627.1|PACid:23597401_EgrTAFIIa	Bromodomain	PF00439.25		1791	1875	1791	1869	1	78	65.8975524902344	2.5e-18	8.5e-22	Bromodomain	0	1	2
>Eucgr.I02627.1|PACid:23597401_EgrTAFIIa	ubiquitin	PF00240.23	CL0072	667	739	667	736	1	69	39.9829902648926	2.4e-10	8.2e-14	Ubiquitin family	0	1	3
>Eucgr.I02627.1|PACid:23597401_EgrTAFIIa	TBP-binding	PF09247.11		14	68	19	61	4	45	36.3968696594238	4.6e-09	1.5e-12	TATA box-binding protein binding	0	1	4
>Eucgr.I02627.1|PACid:23597401_EgrTAFIIa	Rad60-SLD	PF11976.8	CL0072	665	735	665	735	1	71	26.6448783874512	3.8e-06	1.3e-09	Ubiquitin-2 like Rad60 SUMO-like	1	1	5
>Eucgr.I02627.1|PACid:23597401_EgrTAFIIa	zf-CCHC_6	PF15288.6	CL0511	1397	1431	1399	1417	4	22	22.268871307373	8.8e-05	2.9e-08	Zinc knuckle	0	1	6
>Glyma04g14745.1|PACid:26304398_GmTAFFIIa	DUF3591	PF12157.8	CL0662	587	1155	588	1155	3	441	419.045379638672	1.9e-125	5.2e-129	Protein of unknown function (DUF3591)	0	1	1
>Glyma04g14745.1|PACid:26304398_GmTAFFIIa	Bromodomain	PF00439.25		1775	1856	1776	1851	2	75	63.7911376953125	1.2e-17	3.2e-21	Bromodomain	0	1	2
>Glyma04g14745.1|PACid:26304398_GmTAFFIIa	ubiquitin	PF00240.23	CL0072	671	743	671	741	1	70	40.4011726379395	1.8e-10	5.1e-14	Ubiquitin family	0	1	3
>Glyma04g14745.1|PACid:26304398_GmTAFFIIa	TBP-binding	PF09247.11		14	68	19	61	4	45	37.1211624145508	2.7e-09	7.6e-13	TATA box-binding protein binding	0	1	4
>Lus10027579|PACid:23151192_LuTAFIIa	DUF3591	PF12157.8	CL0662	514	1084	514	1084	1	441	436.276702880859	1.1e-130	2.4e-134	Protein of unknown function (DUF3591)	0	1	1
>Lus10027579|PACid:23151192_LuTAFIIa	Bromodomain	PF00439.25		1705	1785	1706	1781	2	76	65.5483703613281	3.3e-18	7.3e-22	Bromodomain	0	1	2
>Lus10027579|PACid:23151192_LuTAFIIa	ubiquitin	PF00240.23	CL0072	599	671	601	669	3	70	30.5837936401367	2.1e-07	4.7e-11	Ubiquitin family	0	1	3
>Lus10027579|PACid:23151192_LuTAFIIa	zf-CCHC_6	PF15288.6	CL0511	1323	1361	1325	1357	4	36	26.1259593963623	5.5e-06	1.2e-09	Zinc knuckle	0	1	4
>Medtr5g026660.1|PACid:23034861_MtruTAFIIa	DUF3591	PF12157.8	CL0662	582	1151	583	1150	3	440	419.359069824219	1.5e-125	4.1e-129	Protein of unknown function (DUF3591)	0	1	1
>Medtr5g026660.1|PACid:23034861_MtruTAFIIa	Bromodomain	PF00439.25		1788	1869	1789	1864	2	75	61.2834815979004	7.0e-17	1.9e-20	Bromodomain	0	1	2
>Medtr5g026660.1|PACid:23034861_MtruTAFIIa	TBP-binding	PF09247.11		14	67	18	60	4	45	37.785587310791	1.7e-09	4.7e-13	TATA box-binding protein binding	0	1	3
>Medtr5g026660.1|PACid:23034861_MtruTAFIIa	ubiquitin	PF00240.23	CL0072	666	738	668	736	3	70	28.3072872161865	1.1e-06	3.0e-10	Ubiquitin family	0	1	4
>Medtr5g026660.1|PACid:23034861_MtruTAFIIa	zf-CCHC_6	PF15288.6	CL0511	1408	1443	1410	1429	4	23	22.5103893280029	7.4e-05	2.1e-08	Zinc knuckle	0	1	5
>LOC_Os06g43790.1|PACid:24140551_OsTAFIIa	DUF3591	PF12157.8	CL0662	553	884	553	863	1	207	205.534912109375	1.1e-60	3.2e-64	Protein of unknown function (DUF3591)	0	1	1
>LOC_Os06g43790.1|PACid:24140551_OsTAFIIa	DUF3591	PF12157.8	CL0662	875	1135	886	1135	204	441	165.243835449219	1.9e-48	5.3e-52	Protein of unknown function (DUF3591)	0	1	2
>LOC_Os06g43790.1|PACid:24140551_OsTAFIIa	Bromodomain	PF00439.25		1714	1794	1715	1789	1	75	70.0285415649414	1.3e-19	3.6e-23	Bromodomain	0	1	3
>LOC_Os06g43790.1|PACid:24140551_OsTAFIIa	TBP-binding	PF09247.11		18	72	22	65	3	45	34.8186645507812	1.4e-08	4.0e-12	TATA box-binding protein binding	0	1	4
>LOC_Os06g43790.1|PACid:24140551_OsTAFIIa	ubiquitin	PF00240.23	CL0072	639	710	640	708	3	70	29.0004577636719	6.6e-07	1.8e-10	Ubiquitin family	0	1	5
>29838.m001663|PACid:16810333_RcTAFIIa	DUF3591	PF12157.8	CL0662	564	1133	564	1133	1	441	437.686706542969	4.1e-131	1.1e-134	Protein of unknown function (DUF3591)	0	1	1
>29838.m001663|PACid:16810333_RcTAFIIa	Bromodomain	PF00439.25		1772	1852	1785	1848	13	76	63.119384765625	1.9e-17	5.2e-21	Bromodomain	0	1	2
>29838.m001663|PACid:16810333_RcTAFIIa	ubiquitin	PF00240.23	CL0072	649	721	649	719	1	70	42.5170211791992	4.0e-11	1.1e-14	Ubiquitin family	0	1	3
>29838.m001663|PACid:16810333_RcTAFIIa	TBP-binding	PF09247.11		15	75	20	66	4	48	38.9037895202637	7.6e-10	2.1e-13	TATA box-binding protein binding	0	1	4
>29838.m001663|PACid:16810333_RcTAFIIa	zf-CCHC_6	PF15288.6	CL0511	1376	1405	1379	1397	4	22	22.3395309448242	8.3e-05	2.3e-08	Zinc knuckle	0	1	5
>Sb10g025390.1|PACid:1984485_SbTAFIIa	DUF3591	PF12157.8	CL0662	556	1124	556	1124	1	441	427.119049072266	6.6e-128	1.8e-131	Protein of unknown function (DUF3591)	0	1	1
>Sb10g025390.1|PACid:1984485_SbTAFIIa	Bromodomain	PF00439.25		1692	1775	1696	1771	1	76	55.4278335571289	4.7e-15	1.3e-18	Bromodomain	0	1	2
>Sb10g025390.1|PACid:1984485_SbTAFIIa	TBP-binding	PF09247.11		18	73	22	65	3	45	35.4984359741211	8.8e-09	2.4e-12	TATA box-binding protein binding	0	1	3
>Sb10g025390.1|PACid:1984485_SbTAFIIa	ubiquitin	PF00240.23	CL0072	641	712	645	710	5	69	24.8208389282227	1.3e-05	3.7e-09	Ubiquitin family	0	1	4
>409957|PACid:15406292_SmoTAFIIa	DUF3591	PF12157.8	CL0662	582	1137	582	1132	1	424	424.205230712891	5.0e-127	5.6e-131	Protein of unknown function (DUF3591)	0	1	1
>409957|PACid:15406292_SmoTAFIIa	ubiquitin	PF00240.23	CL0072	668	741	669	739	2	70	38.7894744873047	5.8e-10	6.4e-14	Ubiquitin family	0	1	2
>GSVIVT01020528001|PACid:17829860_VvTAFIIa	DUF3591	PF12157.8	CL0662	464	1034	464	1034	1	441	453.147094726562	8.3e-136	2.3e-139	Protein of unknown function (DUF3591)	0	1	1
>GSVIVT01020528001|PACid:17829860_VvTAFIIa	Bromodomain	PF00439.25		1685	1766	1686	1760	2	75	62.0620613098145	4.0e-17	1.1e-20	Bromodomain	0	1	2
>GSVIVT01020528001|PACid:17829860_VvTAFIIa	ubiquitin	PF00240.23	CL0072	549	621	549	619	1	70	43.8697471618652	1.5e-11	4.2e-15	Ubiquitin family	0	1	3
>GSVIVT01020528001|PACid:17829860_VvTAFIIa	Rad60-SLD	PF11976.8	CL0072	547	617	547	617	1	71	24.4772472381592	1.8e-05	5.0e-09	Ubiquitin-2 like Rad60 SUMO-like	1	1	4
>GSVIVT01020528001|PACid:17829860_VvTAFIIa	zf-CCHC_6	PF15288.6	CL0511	1294	1320	1296	1314	4	22	22.0587825775146	0.0001	2.8e-08	Zinc knuckle	0	1	5
>41115|PACid:27339221_Mpu15TAFIIa	DUF3591	PF12157.8	CL0662	449	934	527	933	79	440	166.034957885742	1.1e-48	1.2e-52	Protein of unknown function (DUF3591)	0	1	1
>41115|PACid:27339221_Mpu15TAFIIa	Bromodomain	PF00439.25		1320	1402	1321	1399	2	79	51.8939514160156	5.9e-14	6.6e-18	Bromodomain	0	1	2
>62240|PACid:27405188_Mpu29TAFIIa	DUF3591	PF12157.8	CL0662	943	1391	978	1390	71	440	168.331008911133	2.2e-49	2.5e-53	Protein of unknown function (DUF3591)	0	1	1
>62240|PACid:27405188_Mpu29TAFIIa	Bromodomain	PF00439.25		1751	1833	1751	1828	1	77	54.602954864502	8.5e-15	9.5e-19	Bromodomain	0	1	2
>16923|PACid:27413701_OlucTAFIIa	DUF3591	PF12157.8	CL0662	645	1073	670	1072	74	440	166.441558837891	8.2e-49	9.2e-53	Protein of unknown function (DUF3591)	0	1	1
>16923|PACid:27413701_OlucTAFIIa	Bromodomain	PF00439.25		1399	1476	1416	1473	17	77	38.155200958252	1.1e-09	1.3e-13	Bromodomain	0	1	2
>Vocar20011547m|PACid:23124304_VcarTAFIIa	DUF3591	PF12157.8	CL0662	1137	1511	1146	1499	125	430	122.351615905762	2.0e-35	3.3e-39	Protein of unknown function (DUF3591)	0	1	1
>Vocar20011547m|PACid:23124304_VcarTAFIIa	TBP-binding	PF09247.11		7	54	9	50	3	44	27.8021049499512	2.2e-06	3.7e-10	TATA box-binding protein binding	0	1	2
>Vocar20011547m|PACid:23124304_VcarTAFIIa	Bromodomain	PF00439.25		2350	2439	2357	2433	16	79	26.2889709472656	5.8e-06	9.7e-10	Bromodomain	0	1	3
>C_paradoxa_tafiiA_37762	DUF3591	PF12157.8	CL0662	406	973	406	958	1	425	240.580322265625	2.6e-71	2.9e-75	Protein of unknown function (DUF3591)	0	1	1
>C_paradoxa_tafiiA_37762	Bromodomain	PF00439.25		1332	1411	1347	1409	16	82	47.6475944519043	1.3e-12	1.4e-16	Bromodomain	0	1	2
>C_paradoxa_tafiiB_37239	TBP-binding	PF09247.11		26	80	30	73	3	47	33.0316276550293	5.2e-08	2.9e-12	TATA box-binding protein binding	0	1	1
